<?xml version="1.0" encoding="UTF-8"?>
<project-private xmlns="http://www.netbeans.org/ns/project-private/1">
    <editor-bookmarks xmlns="http://www.netbeans.org/ns/editor-bookmarks/2" lastBookmarkId="0"/>
    <open-files xmlns="http://www.netbeans.org/ns/projectui-open-files/2">
        <group>
            <file>file:/D:/4IV7_PSW_Riveron_Martinez_Joshua_Israel/10BD/src/java/ConsultarAlumnos.java</file>
            <file>file:/D:/4IV7_PSW_Riveron_Martinez_Joshua_Israel/10BD/web/index.html</file>
            <file>file:/D:/4IV7_PSW_Riveron_Martinez_Joshua_Israel/10BD/src/java/RegistrarAlumno.java</file>
        </group>
    </open-files>
</project-private>
